"total_time","ecdf_value","log_total_time"
8210.95,0.00418410041841004,3.91439340753227
